id,created,members
D05RLN07QS1,1694350530,"['U05S28VB3ED', 'U05S28X7ETB']"
D05RQM36TK5,1694402242,"['U05RA88PCPR', 'U05S28VB3ED']"
D05RS3C1CQL,1694350529,"['U05S28X7ETB', 'U05S28X7ETB']"
D05S3DAUDU1,1694402242,"['U05RA88PCPR', 'U05S28X7ETB']"
D05TG4VRWK1,1695705699,"['U05RA88PCPR', 'U05TTNUB27P']"
D05TG4W0S79,1695705702,"['U05S28VB3ED', 'U05TZ4E0G5A']"
D05TG4W2TE3,1695705703,"['U05TG4W1YUF', 'U05TQLV3ZC4']"
D05TN4S07BM,1695495381,"['U05RA88PCPR', 'U05TQLV3ZC4']"
D05TN7MPDDY,1695495381,"['U05S28VB3ED', 'U05TQLV3ZC4']"
D05TQ1PFQ22,1695705699,"['U05S28X7ETB', 'U05TTNUB27P']"
D05TQ1PN0DU,1695705703,"['U05S28X7ETB', 'U05TG4W1YUF']"
D05TQLV4CA0,1695495381,"['U05S28X7ETB', 'U05TQLV3ZC4']"
D05TTNUKDPX,1695705703,"['U05RA88PCPR', 'U05TG4W1YUF']"
D05TWHQQENP,1695705702,"['U05TQLV3ZC4', 'U05TZ4E0G5A']"
D05TWHQSF51,1695705704,"['U05TG4W1YUF', 'U05TZ4E0G5A']"
D05TWLL9KH8,1695705699,"['U05TQLV3ZC4', 'U05TTNUB27P']"
D05TWLLFXMY,1695705703,"['U05TG4W1YUF', 'U05TTNUB27P']"
D05TZ4DRX5J,1695705698,"['U05TTNUB27P', 'U05TTNUB27P']"
D05TZ4E23GC,1695705702,"['U05S28X7ETB', 'U05TZ4E0G5A']"
D05U99YMCSD,1695705698,"['U05S28VB3ED', 'U05TTNUB27P']"
D05U99YTRL1,1695705703,"['U05S28VB3ED', 'U05TG4W1YUF']"
D05UB7G6NDN,1695495380,"['U05TQLV3ZC4', 'USLACKBOT']"
D05UKLESCDN,1695705702,"['U05RA88PCPR', 'U05TZ4E0G5A']"
D05UKLETLP2,1695705703,"['U05TG4W1YUF', 'U05TG4W1YUF']"
